,year,month,decimal date,average,deseasonalized,ndays,sdev,unc,average_ppb,datetime,average_smoothed
0,1958,3,1958.2027,315.71,314.44,-1,-9.99,-0.99,0.31571,1958-03-01,
1,1958,4,1958.2877,317.45,315.16,-1,-9.99,-0.99,0.31745,1958-04-01,
2,1958,5,1958.3699,317.51,314.69,-1,-9.99,-0.99,0.31751,1958-05-01,
3,1958,6,1958.4548,317.27,315.15,-1,-9.99,-0.99,0.31727,1958-06-01,
4,1958,7,1958.537,315.87,315.2,-1,-9.99,-0.99,0.31587,1958-07-01,
5,1958,8,1958.6219,314.93,316.21,-1,-9.99,-0.99,0.31493,1958-08-01,
6,1958,9,1958.7068,313.21,316.11,-1,-9.99,-0.99,0.31321,1958-09-01,315.37
7,1958,10,1958.789,312.42,315.41,-1,-9.99,-0.99,0.31242000000000003,1958-10-01,315.4483333333333
8,1958,11,1958.874,313.33,315.21,-1,-9.99,-0.99,0.31333,1958-11-01,315.47083333333336
9,1958,12,1958.9562,314.67,315.43,-1,-9.99,-0.99,0.31467,1958-12-01,315.5358333333333
10,1959,1,1959.0411,315.58,315.52,-1,-9.99,-0.99,0.31557999999999997,1959-01-01,315.6091666666667
11,1959,2,1959.126,316.49,315.84,-1,-9.99,-0.99,0.31649,1959-02-01,315.665
12,1959,3,1959.2027,316.65,315.37,-1,-9.99,-0.99,0.31665,1959-03-01,315.6541666666667
13,1959,4,1959.2877,317.72,315.42,-1,-9.99,-0.99,0.31772,1959-04-01,315.70666666666665
14,1959,5,1959.3699,318.29,315.46,-1,-9.99,-0.99,0.31829,1959-05-01,315.78249999999997
15,1959,6,1959.4548,318.15,316.0,-1,-9.99,-0.99,0.31815,1959-06-01,315.9058333333333
16,1959,7,1959.537,316.54,315.87,-1,-9.99,-0.99,0.31654000000000004,1959-07-01,315.9816666666667
17,1959,8,1959.6219,314.8,316.09,-1,-9.99,-0.99,0.3148,1959-08-01,316.0525
18,1959,9,1959.7068,313.84,316.75,-1,-9.99,-0.99,0.31383999999999995,1959-09-01,316.0933333333333
19,1959,10,1959.789,313.33,316.34,-1,-9.99,-0.99,0.31333,1959-10-01,316.17083333333335
20,1959,11,1959.874,314.81,316.69,-1,-9.99,-0.99,0.31481,1959-11-01,316.28000000000003
21,1959,12,1959.9562,315.58,316.35,-1,-9.99,-0.99,0.31557999999999997,1959-12-01,316.425
22,1960,1,1960.041,316.43,316.38,-1,-9.99,-0.99,0.31643,1960-01-01,316.5441666666666
23,1960,2,1960.1257,316.98,316.33,-1,-9.99,-0.99,0.31698000000000004,1960-02-01,316.68083333333334
24,1960,3,1960.2049,317.58,316.27,-1,-9.99,-0.99,0.31758,1960-03-01,316.7725
25,1960,4,1960.2896,319.03,316.7,-1,-9.99,-0.99,0.31903,1960-04-01,316.8
26,1960,5,1960.3716,320.03,317.19,-1,-9.99,-0.99,0.32003,1960-05-01,316.84166666666664
27,1960,6,1960.4563,319.58,317.45,-1,-9.99,-0.99,0.31958,1960-06-01,316.8575
28,1960,7,1960.5383,318.18,317.54,-1,-9.99,-0.99,0.31818,1960-07-01,316.9083333333333
29,1960,8,1960.623,315.9,317.22,-1,-9.99,-0.99,0.31589999999999996,1960-08-01,316.94666666666666
30,1960,9,1960.7077,314.17,317.1,-1,-9.99,-0.99,0.31417,1960-09-01,317.00666666666666
31,1960,10,1960.7896,313.83,316.85,-1,-9.99,-0.99,0.31383,1960-10-01,317.08666666666664
32,1960,11,1960.8743,315.0,316.89,-1,-9.99,-0.99,0.315,1960-11-01,317.12416666666667
33,1960,12,1960.9563,316.19,316.96,-1,-9.99,-0.99,0.31618999999999997,1960-12-01,317.17
34,1961,1,1961.0411,316.89,316.84,-1,-9.99,-0.99,0.31689,1961-01-01,317.18583333333333
35,1961,2,1961.126,317.7,317.05,-1,-9.99,-0.99,0.3177,1961-02-01,317.2175
36,1961,3,1961.2027,318.54,317.25,-1,-9.99,-0.99,0.31854000000000005,1961-03-01,317.2916666666667
37,1961,4,1961.2877,319.48,317.16,-1,-9.99,-0.99,0.31948000000000004,1961-04-01,317.36
38,1961,5,1961.3699,320.58,317.73,-1,-9.99,-0.99,0.32058,1961-05-01,317.48333333333335
39,1961,6,1961.4548,319.77,317.61,-1,-9.99,-0.99,0.31977,1961-06-01,317.575
40,1961,7,1961.537,318.56,317.89,-1,-9.99,-0.99,0.31856,1961-07-01,317.6433333333334
41,1961,8,1961.6219,316.79,318.09,-1,-9.99,-0.99,0.31679,1961-08-01,317.73083333333335
42,1961,9,1961.7068,314.99,317.92,-1,-9.99,-0.99,0.31499,1961-09-01,317.8016666666667
43,1961,10,1961.789,315.31,318.34,-1,-9.99,-0.99,0.31531,1961-10-01,317.8966666666667
44,1961,11,1961.874,316.1,318.0,-1,-9.99,-0.99,0.31610000000000005,1961-11-01,317.9875
45,1961,12,1961.9562,317.01,317.78,-1,-9.99,-0.99,0.31701,1961-12-01,318.02416666666664
46,1962,1,1962.0411,317.94,317.89,-1,-9.99,-0.99,0.31794,1962-01-01,318.095
47,1962,2,1962.126,318.55,317.89,-1,-9.99,-0.99,0.31855,1962-02-01,318.1825
48,1962,3,1962.2027,319.68,318.39,-1,-9.99,-0.99,0.31968,1962-03-01,318.23333333333335
49,1962,4,1962.2877,320.57,318.24,-1,-9.99,-0.99,0.32056999999999997,1962-04-01,318.33750000000003
50,1962,5,1962.3699,321.02,318.16,-1,-9.99,-0.99,0.32101999999999997,1962-05-01,318.34666666666664
51,1962,6,1962.4548,320.62,318.45,-1,-9.99,-0.99,0.32062,1962-06-01,318.3958333333333
52,1962,7,1962.537,319.61,318.94,-1,-9.99,-0.99,0.31961,1962-07-01,318.4533333333333
53,1962,8,1962.6219,317.4,318.71,-1,-9.99,-0.99,0.31739999999999996,1962-08-01,318.52
54,1962,9,1962.7068,316.24,319.18,-1,-9.99,-0.99,0.31624,1962-09-01,318.56333333333333
55,1962,10,1962.789,315.42,318.46,-1,-9.99,-0.99,0.31542000000000003,1962-10-01,318.5783333333333
56,1962,11,1962.874,316.69,318.59,-1,-9.99,-0.99,0.31668999999999997,1962-11-01,318.6458333333333
57,1962,12,1962.9562,317.7,318.47,-1,-9.99,-0.99,0.3177,1962-12-01,318.7475
58,1963,1,1963.0411,318.74,318.69,-1,-9.99,-0.99,0.31874,1963-01-01,318.82
59,1963,2,1963.126,319.07,318.41,-1,-9.99,-0.99,0.31907,1963-02-01,318.8308333333334
60,1963,3,1963.2027,319.86,318.57,-1,-9.99,-0.99,0.31986000000000003,1963-03-01,318.8616666666667
61,1963,4,1963.2877,321.38,319.05,-1,-9.99,-0.99,0.32138,1963-04-01,318.8591666666667
62,1963,5,1963.3699,322.24,319.38,-1,-9.99,-0.99,0.32224,1963-05-01,318.9066666666667
63,1963,6,1963.4548,321.49,319.31,-1,-9.99,-0.99,0.32149,1963-06-01,318.93833333333333
64,1963,7,1963.537,319.74,319.07,-1,-9.99,-0.99,0.31974,1963-07-01,318.9925
65,1963,8,1963.6219,317.77,319.07,-1,-9.99,-0.99,0.31777,1963-08-01,319.06166666666667
66,1963,9,1963.7068,316.21,319.16,-1,-9.99,-0.99,0.31621,1963-09-01,319.1425
67,1963,10,1963.789,315.99,319.03,-1,-9.99,-0.99,0.31599,1963-10-01,319.2166666666667
68,1963,11,1963.874,317.07,318.98,-1,-9.99,-0.99,0.31707,1963-11-01,319.255
69,1963,12,1963.9562,318.35,319.13,-1,-9.99,-0.99,0.31835,1963-12-01,319.2558333333333
70,1964,1,1964.041,319.57,319.52,-1,-9.99,-0.99,0.31957,1964-01-01,319.2891666666667
71,1964,2,1964.1257,320.04,319.37,-1,-9.99,-0.99,0.32004000000000005,1964-02-01,319.3475
72,1964,3,1964.2049,320.75,319.41,-1,-9.99,-0.99,0.32075,1964-03-01,319.4241666666666
73,1964,4,1964.2896,321.84,319.46,-1,-9.99,-0.99,0.32183999999999996,1964-04-01,319.4658333333333
74,1964,5,1964.3716,322.25,319.37,-1,-9.99,-0.99,0.32225,1964-05-01,319.5391666666667
75,1964,6,1964.4563,321.89,319.73,-1,-9.99,-0.99,0.32189,1964-06-01,319.59
76,1964,7,1964.5383,320.44,319.79,-1,-9.99,-0.99,0.32044,1964-07-01,319.62
77,1964,8,1964.623,318.69,320.03,-1,-9.99,-0.99,0.31869,1964-08-01,319.6091666666667
78,1964,9,1964.7077,316.71,319.67,-1,-9.99,-0.99,0.31671,1964-09-01,319.6425
79,1964,10,1964.7896,316.87,319.93,-1,-9.99,-0.99,0.31687,1964-10-01,319.65416666666664
80,1964,11,1964.8743,317.68,319.59,-1,-9.99,-0.99,0.31768,1964-11-01,319.6791666666667
81,1964,12,1964.9563,318.71,319.49,-1,-9.99,-0.99,0.31871,1964-12-01,319.6725
82,1965,1,1965.0411,319.44,319.38,-1,-9.99,-0.99,0.31944,1965-01-01,319.6708333333333
83,1965,2,1965.126,320.44,319.79,-1,-9.99,-0.99,0.32044,1965-02-01,319.73499999999996
84,1965,3,1965.2027,320.89,319.59,-1,-9.99,-0.99,0.32089,1965-03-01,319.75
85,1965,4,1965.2877,322.14,319.79,-1,-9.99,-0.99,0.32214,1965-04-01,319.84250000000003
86,1965,5,1965.3699,322.17,319.28,-1,-9.99,-0.99,0.32217,1965-05-01,319.87833333333333
87,1965,6,1965.4548,321.87,319.68,-1,-9.99,-0.99,0.32187,1965-06-01,319.9775
88,1965,7,1965.537,321.21,320.53,-1,-9.99,-0.99,0.32121,1965-07-01,320.0366666666667
89,1965,8,1965.6219,318.87,320.18,-1,-9.99,-0.99,0.31887,1965-08-01,320.135
90,1965,9,1965.7068,317.82,320.78,-1,-9.99,-0.99,0.31782,1965-09-01,320.2316666666667
91,1965,10,1965.789,317.3,320.37,-1,-9.99,-0.99,0.3173,1965-10-01,320.3566666666666
92,1965,11,1965.874,318.87,320.79,-1,-9.99,-0.99,0.31887,1965-11-01,320.4866666666667
93,1965,12,1965.9562,319.42,320.2,-1,-9.99,-0.99,0.31942000000000004,1965-12-01,320.6458333333333
94,1966,1,1966.0411,320.62,320.57,-1,-9.99,-0.99,0.32062,1966-01-01,320.8025
95,1966,2,1966.126,321.6,320.94,-1,-9.99,-0.99,0.3216,1966-02-01,320.89916666666664
96,1966,3,1966.2027,322.39,321.08,-1,-9.99,-0.99,0.32239,1966-03-01,321.02333333333337
97,1966,4,1966.2877,323.7,321.34,-1,-9.99,-0.99,0.3237,1966-04-01,321.09166666666664
98,1966,5,1966.3699,324.08,321.18,-1,-9.99,-0.99,0.32408,1966-05-01,321.15833333333336
99,1966,6,1966.4548,323.75,321.55,-1,-9.99,-0.99,0.32375,1966-06-01,321.2341666666667
100,1966,7,1966.537,322.37,321.69,-1,-9.99,-0.99,0.32237,1966-07-01,321.3675
101,1966,8,1966.6219,320.36,321.68,-1,-9.99,-0.99,0.32036000000000003,1966-08-01,321.51
102,1966,9,1966.7068,318.64,321.61,-1,-9.99,-0.99,0.31864,1966-09-01,321.585
103,1966,10,1966.789,318.1,321.18,-1,-9.99,-0.99,0.31810000000000005,1966-10-01,321.6383333333333
104,1966,11,1966.874,319.78,321.71,-1,-9.99,-0.99,0.31977999999999995,1966-11-01,321.6975
105,1966,12,1966.9562,321.02,321.81,-1,-9.99,-0.99,0.32101999999999997,1966-12-01,321.77416666666664
106,1967,1,1967.0411,322.33,322.28,-1,-9.99,-0.99,0.32233,1967-01-01,321.8025
107,1967,2,1967.126,322.5,321.83,-1,-9.99,-0.99,0.3225,1967-02-01,321.81666666666666
108,1967,3,1967.2027,323.03,321.72,-1,-9.99,-0.99,0.32303,1967-03-01,321.8633333333333
109,1967,4,1967.2877,324.41,322.05,-1,-9.99,-0.99,0.32441000000000003,1967-04-01,321.9141666666667
110,1967,5,1967.3699,325.0,322.09,-1,-9.99,-0.99,0.325,1967-05-01,322.0216666666667
111,1967,6,1967.4548,324.09,321.89,-1,-9.99,-0.99,0.32409,1967-06-01,322.10083333333336
112,1967,7,1967.537,322.54,321.86,-1,-9.99,-0.99,0.32254,1967-07-01,322.1791666666667
113,1967,8,1967.6219,320.92,322.24,-1,-9.99,-0.99,0.32092000000000004,1967-08-01,322.19916666666666
114,1967,9,1967.7068,319.25,322.24,-1,-9.99,-0.99,0.31925,1967-09-01,322.25333333333333
115,1967,10,1967.789,319.39,322.48,-1,-9.99,-0.99,0.31939,1967-10-01,322.325
116,1967,11,1967.874,320.73,322.66,-1,-9.99,-0.99,0.32073,1967-11-01,322.37583333333333
117,1967,12,1967.9562,321.96,322.74,-1,-9.99,-0.99,0.32195999999999997,1967-12-01,322.42333333333335
118,1968,1,1968.041,322.57,322.51,-1,-9.99,-0.99,0.32256999999999997,1968-01-01,322.52916666666664
119,1968,2,1968.1257,323.15,322.48,-1,-9.99,-0.99,0.32315,1968-02-01,322.66249999999997
120,1968,3,1968.2049,323.89,322.55,-1,-9.99,-0.99,0.32389,1968-03-01,322.76166666666666
121,1968,4,1968.2896,325.02,322.63,-1,-9.99,-0.99,0.32502,1968-04-01,322.8516666666667
122,1968,5,1968.3716,325.57,322.66,-1,-9.99,-0.99,0.32556999999999997,1968-05-01,322.92333333333335
123,1968,6,1968.4563,325.36,323.17,-1,-9.99,-0.99,0.32536000000000004,1968-06-01,322.97249999999997
124,1968,7,1968.5383,324.14,323.48,-1,-9.99,-0.99,0.32414,1968-07-01,323.05
125,1968,8,1968.623,322.11,323.46,-1,-9.99,-0.99,0.32211,1968-08-01,323.1691666666667
126,1968,9,1968.7077,320.33,323.33,-1,-9.99,-0.99,0.32033,1968-09-01,323.27416666666664
127,1968,10,1968.7896,320.25,323.34,-1,-9.99,-0.99,0.32025,1968-10-01,323.4191666666667
128,1968,11,1968.8743,321.32,323.26,-1,-9.99,-0.99,0.32132,1968-11-01,323.55583333333334
129,1968,12,1968.9563,322.89,323.68,-1,-9.99,-0.99,0.32289,1968-12-01,323.70666666666665
130,1969,1,1969.0411,324.0,323.95,-1,-9.99,-0.99,0.324,1969-01-01,323.81916666666666
131,1969,2,1969.126,324.41,323.75,-1,-9.99,-0.99,0.32441000000000003,1969-02-01,323.96416666666664
132,1969,3,1969.2027,325.63,324.31,-1,-9.99,-0.99,0.32563,1969-03-01,324.0933333333333
133,1969,4,1969.2877,326.66,324.28,-1,-9.99,-0.99,0.32666,1969-04-01,324.26416666666665
134,1969,5,1969.3699,327.38,324.46,-1,-9.99,-0.99,0.32738,1969-05-01,324.39166666666665
135,1969,6,1969.4548,326.71,324.49,-1,-9.99,-0.99,0.32671,1969-06-01,324.51916666666665
136,1969,7,1969.537,325.88,325.19,-1,-9.99,-0.99,0.32588,1969-07-01,324.62083333333334
137,1969,8,1969.6219,323.66,324.99,-1,-9.99,-0.99,0.32366,1969-08-01,324.70916666666665
138,1969,9,1969.7068,322.38,325.38,-1,-9.99,-0.99,0.32238,1969-09-01,324.84083333333336
139,1969,10,1969.789,321.78,324.89,-1,-9.99,-0.99,0.32177999999999995,1969-10-01,324.94916666666666
140,1969,11,1969.874,322.85,324.8,-1,-9.99,-0.99,0.32285,1969-11-01,325.07166666666666
141,1969,12,1969.9562,324.11,324.91,-1,-9.99,-0.99,0.32411,1969-12-01,325.13
142,1970,1,1970.0411,325.06,325.01,-1,-9.99,-0.99,0.32506,1970-01-01,325.21
143,1970,2,1970.126,325.99,325.31,-1,-9.99,-0.99,0.32599,1970-02-01,325.2483333333334
144,1970,3,1970.2027,326.93,325.61,-1,-9.99,-0.99,0.32693,1970-03-01,325.3333333333333
145,1970,4,1970.2877,328.13,325.75,-1,-9.99,-0.99,0.32813,1970-04-01,325.3933333333333
146,1970,5,1970.3699,328.08,325.15,-1,-9.99,-0.99,0.32808,1970-05-01,325.5
147,1970,6,1970.4548,327.67,325.44,-1,-9.99,-0.99,0.32767,1970-06-01,325.5966666666667
148,1970,7,1970.537,326.34,325.65,-1,-9.99,-0.99,0.32633999999999996,1970-07-01,325.6816666666667
149,1970,8,1970.6219,324.68,326.02,-1,-9.99,-0.99,0.32468,1970-08-01,325.77416666666664
150,1970,9,1970.7068,323.1,326.11,-1,-9.99,-0.99,0.3231,1970-09-01,325.8325
151,1970,10,1970.789,323.06,326.18,-1,-9.99,-0.99,0.32306,1970-10-01,325.85333333333335
152,1970,11,1970.874,324.01,325.96,-1,-9.99,-0.99,0.32400999999999996,1970-11-01,325.82416666666666
153,1970,12,1970.9562,325.13,325.93,-1,-9.99,-0.99,0.32513,1970-12-01,325.895
154,1971,1,1971.0411,326.17,326.12,-1,-9.99,-0.99,0.32617,1971-01-01,325.96999999999997
155,1971,2,1971.126,326.69,326.01,-1,-9.99,-0.99,0.32669,1971-02-01,326.055
156,1971,3,1971.2027,327.18,325.85,-1,-9.99,-0.99,0.32718,1971-03-01,326.1175
157,1971,4,1971.2877,327.78,325.39,-1,-9.99,-0.99,0.32777999999999996,1971-04-01,326.13916666666665
158,1971,5,1971.3699,328.93,325.99,-1,-9.99,-0.99,0.32893,1971-05-01,326.18083333333334
159,1971,6,1971.4548,328.57,326.34,-1,-9.99,-0.99,0.32857,1971-06-01,326.24666666666667
160,1971,7,1971.537,327.36,326.67,-1,-9.99,-0.99,0.32736000000000004,1971-07-01,326.32
161,1971,8,1971.6219,325.43,326.77,-1,-9.99,-0.99,0.32543,1971-08-01,326.37
162,1971,9,1971.7068,323.36,326.38,-1,-9.99,-0.99,0.32336000000000004,1971-09-01,326.4483333333333
163,1971,10,1971.789,323.56,326.69,-1,-9.99,-0.99,0.32356,1971-10-01,326.49583333333334
164,1971,11,1971.874,324.8,326.75,-1,-9.99,-0.99,0.32480000000000003,1971-11-01,326.6575
165,1971,12,1971.9562,326.01,326.81,-1,-9.99,-0.99,0.32600999999999997,1971-12-01,326.7525
166,1972,1,1972.041,326.77,326.71,-1,-9.99,-0.99,0.32677,1972-01-01,326.79583333333335
167,1972,2,1972.1257,327.63,326.96,-1,-9.99,-0.99,0.32763,1972-02-01,326.8525
168,1972,3,1972.2049,327.75,326.39,-1,-9.99,-0.99,0.32775,1972-03-01,326.9266666666667
169,1972,4,1972.2896,329.72,327.3,-1,-9.99,-0.99,0.32972,1972-04-01,327.05
170,1972,5,1972.3716,330.07,327.12,-1,-9.99,-0.99,0.33007,1972-05-01,327.18666666666667
171,1972,6,1972.4563,329.09,326.87,-1,-9.99,-0.99,0.32909,1972-06-01,327.3283333333333
172,1972,7,1972.5383,328.04,327.38,-1,-9.99,-0.99,0.32804,1972-07-01,327.45666666666665
173,1972,8,1972.623,326.32,327.69,-1,-9.99,-0.99,0.32632,1972-08-01,327.605
174,1972,9,1972.7077,324.84,327.88,-1,-9.99,-0.99,0.32483999999999996,1972-09-01,327.76666666666665
175,1972,10,1972.7896,325.2,328.33,-1,-9.99,-0.99,0.3252,1972-10-01,327.9791666666667
176,1972,11,1972.8743,326.5,328.46,-1,-9.99,-0.99,0.3265,1972-11-01,328.1275
177,1972,12,1972.9563,327.55,328.35,-1,-9.99,-0.99,0.32755,1972-12-01,328.3283333333333
178,1973,1,1973.0411,328.55,328.49,-1,-9.99,-0.99,0.32855,1973-01-01,328.57666666666665
179,1973,2,1973.126,329.57,328.89,-1,-9.99,-0.99,0.32957,1973-02-01,328.8125
180,1973,3,1973.2027,330.3,328.97,-1,-9.99,-0.99,0.33030000000000004,1973-03-01,329.06166666666667
181,1973,4,1973.2877,331.5,329.1,-1,-9.99,-0.99,0.3315,1973-04-01,329.285
182,1973,5,1973.3699,332.48,329.52,-1,-9.99,-0.99,0.33248,1973-05-01,329.4508333333334
183,1973,6,1973.4548,332.07,329.83,-1,-9.99,-0.99,0.33207,1973-06-01,329.59
184,1973,7,1973.537,330.87,330.18,-1,-9.99,-0.99,0.33087,1973-07-01,329.6816666666667
185,1973,8,1973.6219,329.31,330.66,-1,-9.99,-0.99,0.32931,1973-08-01,329.74916666666667
186,1973,9,1973.7068,327.52,330.56,-1,-9.99,-0.99,0.32752,1973-09-01,329.8441666666667
187,1973,10,1973.789,327.19,330.33,-1,-9.99,-0.99,0.32719,1973-10-01,329.9433333333333
188,1973,11,1973.874,328.17,330.13,-1,-9.99,-0.99,0.32817,1973-11-01,330.03916666666663
189,1973,12,1973.9562,328.65,329.45,-1,-9.99,-0.99,0.32865,1973-12-01,330.0983333333333
190,1974,1,1974.0411,329.36,329.3,-1,-9.99,-0.99,0.32936,1974-01-01,330.1091666666667
191,1974,2,1974.126,330.71,330.03,-1,-9.99,-0.99,0.33071,1974-02-01,330.12583333333333
192,1974,3,1974.2027,331.49,330.15,-1,-9.99,-0.99,0.33149,1974-03-01,330.1125
193,1974,4,1974.2877,332.65,330.24,-1,-9.99,-0.99,0.33265,1974-04-01,330.09666666666664
194,1974,5,1974.375,333.19,330.22,13,0.31,0.16,0.33319,1974-05-01,330.1041666666667
195,1974,6,1974.4583,332.2,329.79,25,0.37,0.14,0.3322,1974-06-01,330.11583333333334
196,1974,7,1974.5417,331.07,330.21,24,0.24,0.09,0.33107,1974-07-01,330.1933333333333
197,1974,8,1974.625,329.15,330.54,26,0.31,0.12,0.32915,1974-08-01,330.3075
198,1974,9,1974.7083,327.33,330.44,22,0.47,0.19,0.32733,1974-09-01,330.37
199,1974,10,1974.7917,327.28,330.53,24,0.22,0.09,0.32727999999999996,1974-10-01,330.40749999999997
200,1974,11,1974.875,328.31,330.5,26,0.43,0.16,0.32831,1974-11-01,330.4458333333333
201,1974,12,1974.9583,329.58,330.54,29,0.29,0.1,0.32958,1974-12-01,330.50916666666666
202,1975,1,1975.0417,330.73,330.84,29,0.43,0.15,0.33073,1975-01-01,330.61083333333335
203,1975,2,1975.125,331.46,330.85,26,0.46,0.17,0.33146,1975-02-01,330.68583333333333
204,1975,3,1975.2083,331.94,330.37,17,0.33,0.15,0.33194,1975-03-01,330.7525
205,1975,4,1975.2917,333.11,330.53,23,0.59,0.24,0.33311,1975-04-01,330.8491666666667
206,1975,5,1975.375,333.95,330.98,28,0.35,0.13,0.33394999999999997,1975-05-01,330.93916666666667
207,1975,6,1975.4583,333.42,331.01,27,0.48,0.18,0.33342,1975-06-01,331.02833333333336
208,1975,7,1975.5417,331.97,331.12,24,0.45,0.18,0.33197000000000004,1975-07-01,331.12833333333333
209,1975,8,1975.625,329.95,331.33,24,0.47,0.18,0.32994999999999997,1975-08-01,331.1975
210,1975,9,1975.7083,328.49,331.6,22,0.53,0.22,0.32849,1975-09-01,331.3041666666667
211,1975,10,1975.7917,328.36,331.61,11,0.21,0.12,0.32836000000000004,1975-10-01,331.42249999999996
212,1975,11,1975.875,329.38,331.57,18,0.31,0.14,0.32938,1975-11-01,331.55833333333334
213,1975,12,1975.9583,330.78,331.74,-1,-9.99,0.0,0.33077999999999996,1975-12-01,331.6225
214,1976,1,1976.0417,331.56,331.67,19,0.23,0.1,0.33156,1976-01-01,331.66833333333335
215,1976,2,1976.125,332.74,332.14,22,0.49,0.2,0.33274000000000004,1976-02-01,331.7608333333333
216,1976,3,1976.2083,333.36,331.79,18,0.52,0.23,0.33336,1976-03-01,331.82166666666666
217,1976,4,1976.2917,334.74,332.16,18,0.77,0.35,0.33474,1976-04-01,331.86083333333335
218,1976,5,1976.375,334.72,331.75,21,0.56,0.23,0.33472,1976-05-01,331.8908333333333
219,1976,6,1976.4583,333.97,331.56,15,0.21,0.1,0.33397000000000004,1976-06-01,331.9558333333334
220,1976,7,1976.5417,333.08,332.23,15,0.24,0.12,0.33308,1976-07-01,332.0258333333333
221,1976,8,1976.625,330.68,332.07,23,0.51,0.2,0.33068000000000003,1976-08-01,332.1191666666667
222,1976,9,1976.7083,328.96,332.07,13,0.69,0.37,0.32896,1976-09-01,332.15500000000003
223,1976,10,1976.7917,328.72,331.98,19,0.57,0.25,0.32872,1976-10-01,332.28833333333336
224,1976,11,1976.875,330.16,332.35,25,0.36,0.14,0.33016,1976-11-01,332.40500000000003
225,1976,12,1976.9583,331.62,332.59,20,0.38,0.16,0.33162,1976-12-01,332.5891666666667
226,1977,1,1977.0417,332.68,332.77,23,0.4,0.16,0.33268000000000003,1977-01-01,332.7725
227,1977,2,1977.125,333.17,332.58,20,0.34,0.15,0.33317,1977-02-01,332.92333333333335
228,1977,3,1977.2083,334.96,333.4,23,0.51,0.21,0.33496,1977-03-01,333.08
229,1977,4,1977.2917,336.14,333.54,20,0.5,0.21,0.33614,1977-04-01,333.27416666666664
230,1977,5,1977.375,336.93,334.0,20,0.31,0.13,0.33693,1977-05-01,333.4875
231,1977,6,1977.4583,336.17,333.79,22,0.4,0.16,0.33617,1977-06-01,333.6791666666667
232,1977,7,1977.5417,334.89,334.01,20,0.23,0.1,0.33488999999999997,1977-07-01,333.8441666666667
233,1977,8,1977.625,332.56,333.91,18,0.46,0.21,0.33256,1977-08-01,334.03249999999997
234,1977,9,1977.7083,331.29,334.36,19,0.46,0.2,0.33129000000000003,1977-09-01,334.20666666666665
235,1977,10,1977.7917,331.28,334.51,23,0.29,0.12,0.33127999999999996,1977-10-01,334.3483333333333
236,1977,11,1977.875,332.46,334.68,21,0.43,0.18,0.33246,1977-11-01,334.4775
237,1977,12,1977.9583,333.6,334.58,25,0.36,0.14,0.3336,1977-12-01,334.5683333333333
238,1978,1,1978.0417,334.94,335.01,22,0.52,0.21,0.33494,1978-01-01,334.72166666666664
239,1978,2,1978.125,335.26,334.6,25,0.5,0.19,0.33526,1978-02-01,334.85583333333335
240,1978,3,1978.2083,336.66,335.0,28,0.59,0.21,0.33666,1978-03-01,335.0108333333333
241,1978,4,1978.2917,337.69,335.07,18,0.44,0.2,0.33769,1978-04-01,335.1
242,1978,5,1978.375,338.02,335.08,26,0.46,0.17,0.33802,1978-05-01,335.1975
243,1978,6,1978.4583,338.01,335.6,17,0.31,0.15,0.33801,1978-06-01,335.30583333333334
244,1978,7,1978.5417,336.5,335.65,20,0.32,0.14,0.3365,1978-07-01,335.415
245,1978,8,1978.625,334.42,335.87,19,0.32,0.14,0.33442,1978-08-01,335.515
246,1978,9,1978.7083,332.36,335.51,17,0.75,0.35,0.33236,1978-09-01,335.63416666666666
247,1978,10,1978.7917,332.45,335.72,21,0.34,0.14,0.33244999999999997,1978-10-01,335.7683333333333
248,1978,11,1978.875,333.76,335.99,24,0.25,0.1,0.33376,1978-11-01,335.8625
249,1978,12,1978.9583,334.91,335.87,26,0.33,0.12,0.33491000000000004,1978-12-01,335.96416666666664
250,1979,1,1979.0417,336.14,336.22,27,0.55,0.2,0.33614,1979-01-01,336.0683333333333
251,1979,2,1979.125,336.69,336.0,25,0.3,0.11,0.33669,1979-02-01,336.15500000000003
252,1979,3,1979.2083,338.27,336.56,21,0.63,0.26,0.33826999999999996,1979-03-01,336.2633333333333
253,1979,4,1979.2917,338.82,336.11,24,0.67,0.26,0.33882,1979-04-01,336.3975
254,1979,5,1979.375,339.24,336.24,20,0.5,0.22,0.33924,1979-05-01,336.5466666666667
255,1979,6,1979.4583,339.26,336.83,19,0.35,0.15,0.33926,1979-06-01,336.6766666666667
256,1979,7,1979.5417,337.54,336.69,26,0.59,0.22,0.33754,1979-07-01,336.835
257,1979,8,1979.625,335.72,337.2,24,0.6,0.23,0.33572,1979-08-01,336.9816666666667
258,1979,9,1979.7083,333.97,337.19,19,0.65,0.29,0.33397000000000004,1979-09-01,337.1191666666667
259,1979,10,1979.7917,334.24,337.57,25,0.42,0.16,0.33424,1979-10-01,337.26916666666665
260,1979,11,1979.875,335.32,337.59,27,0.3,0.11,0.33532,1979-11-01,337.445
261,1979,12,1979.9583,336.81,337.83,22,0.23,0.09,0.33681,1979-12-01,337.62916666666666
262,1980,1,1980.0417,337.9,338.13,29,0.57,0.2,0.3379,1980-01-01,337.8041666666667
263,1980,2,1980.125,338.34,337.85,26,0.49,0.18,0.33834,1980-02-01,337.9633333333333
264,1980,3,1980.2083,340.07,338.51,23,0.54,0.22,0.34007,1980-03-01,338.12583333333333
265,1980,4,1980.2917,340.93,338.31,24,0.29,0.11,0.34093,1980-04-01,338.31583333333333
266,1980,5,1980.375,341.45,338.4,24,0.54,0.21,0.34145,1980-05-01,338.4741666666667
267,1980,6,1980.4583,341.36,338.85,20,0.39,0.17,0.34136,1980-06-01,338.63916666666665
268,1980,7,1980.5417,339.45,338.56,26,0.6,0.22,0.33945,1980-07-01,338.7625
269,1980,8,1980.625,337.67,339.07,16,1.05,0.5,0.33767,1980-08-01,338.87833333333333
270,1980,9,1980.7083,336.25,339.38,15,0.69,0.34,0.33625,1980-09-01,339.0625
271,1980,10,1980.7917,336.14,339.4,26,0.26,0.1,0.33614,1980-10-01,339.19250000000005
272,1980,11,1980.875,337.3,339.46,27,0.26,0.1,0.3373,1980-11-01,339.33166666666665
273,1980,12,1980.9583,338.29,339.26,24,0.25,0.1,0.33829000000000004,1980-12-01,339.4641666666667
274,1981,1,1981.0417,339.29,339.42,28,0.39,0.14,0.33929000000000004,1981-01-01,339.5625
275,1981,2,1981.125,340.55,339.98,25,0.65,0.25,0.34055,1981-02-01,339.6766666666667
276,1981,3,1981.2083,341.63,340.08,25,0.48,0.19,0.34163,1981-03-01,339.7441666666667
277,1981,4,1981.2917,342.6,339.98,26,0.46,0.17,0.3426,1981-04-01,339.8025
278,1981,5,1981.375,343.04,339.97,30,0.19,0.07,0.34304,1981-05-01,339.8783333333334
279,1981,6,1981.4583,342.54,340.06,25,0.29,0.11,0.34254,1981-06-01,339.985
280,1981,7,1981.5417,340.82,339.92,24,0.46,0.18,0.34082,1981-07-01,340.12
281,1981,8,1981.625,338.48,339.87,25,0.48,0.18,0.33848,1981-08-01,340.25666666666666
282,1981,9,1981.7083,336.95,340.17,27,0.55,0.2,0.33694999999999997,1981-09-01,340.3575
283,1981,10,1981.7917,337.05,340.39,25,0.39,0.15,0.33705,1981-10-01,340.4533333333333
284,1981,11,1981.875,338.58,340.75,26,0.31,0.12,0.33858,1981-11-01,340.56666666666666
285,1981,12,1981.9583,339.91,340.85,20,0.28,0.12,0.33991000000000005,1981-12-01,340.7108333333333
286,1982,1,1982.0417,340.93,341.09,28,0.3,0.11,0.34093,1982-01-01,340.8225
287,1982,2,1982.125,341.76,341.16,24,0.49,0.19,0.34176,1982-02-01,340.9558333333333
288,1982,3,1982.2083,342.78,341.18,17,0.41,0.19,0.34278,1982-03-01,341.10249999999996
289,1982,4,1982.2917,343.96,341.32,7,0.42,0.31,0.34396,1982-04-01,341.22083333333336
290,1982,5,1982.375,344.77,341.67,27,0.37,0.14,0.34476999999999997,1982-05-01,341.3341666666667
291,1982,6,1982.4583,343.88,341.43,27,0.37,0.14,0.34388,1982-06-01,341.4058333333333
292,1982,7,1982.5417,342.42,341.61,28,0.35,0.13,0.34242,1982-07-01,341.4783333333333
293,1982,8,1982.625,340.24,341.64,25,0.61,0.23,0.34024,1982-08-01,341.5316666666667
294,1982,9,1982.7083,338.37,341.56,21,0.59,0.25,0.33837,1982-09-01,341.6166666666666
295,1982,10,1982.7917,338.41,341.77,26,0.5,0.19,0.33841000000000004,1982-10-01,341.6658333333333
296,1982,11,1982.875,339.44,341.59,24,0.39,0.15,0.33944,1982-11-01,341.78583333333336
297,1982,12,1982.9583,340.78,341.71,26,0.3,0.11,0.34077999999999997,1982-12-01,341.90000000000003
298,1983,1,1983.0417,341.57,341.75,28,0.47,0.17,0.34157,1983-01-01,342.0566666666667
299,1983,2,1983.125,342.78,342.25,24,0.37,0.15,0.34278,1983-02-01,342.215
300,1983,3,1983.2083,343.37,341.85,27,0.88,0.32,0.34337,1983-03-01,342.4041666666667
301,1983,4,1983.2917,345.4,342.76,23,0.29,0.12,0.3454,1983-04-01,342.5783333333333
302,1983,5,1983.375,346.14,342.97,28,0.51,0.19,0.34614,1983-05-01,342.75499999999994
303,1983,6,1983.4583,345.76,343.3,20,0.3,0.13,0.34576,1983-06-01,342.9508333333333
304,1983,7,1983.5417,344.32,343.56,22,0.57,0.23,0.34432,1983-07-01,343.1525
305,1983,8,1983.625,342.51,343.89,16,0.73,0.35,0.34251,1983-08-01,343.3725
306,1983,9,1983.7083,340.46,343.59,15,0.5,0.25,0.34046,1983-09-01,343.5508333333333
307,1983,10,1983.7917,340.53,343.86,20,0.31,0.13,0.34053,1983-10-01,343.74333333333334
308,1983,11,1983.875,341.79,343.92,27,0.33,0.12,0.34179000000000004,1983-11-01,343.9083333333333
309,1983,12,1983.9583,343.2,344.12,21,0.25,0.1,0.3432,1983-12-01,344.0441666666666
310,1984,1,1984.0417,344.21,344.32,23,0.4,0.16,0.34420999999999996,1984-01-01,344.16083333333336
311,1984,2,1984.125,344.92,344.39,23,0.32,0.13,0.34492,1984-02-01,344.2833333333333
312,1984,3,1984.2083,345.68,344.26,19,0.3,0.13,0.34568,1984-03-01,344.3858333333333
313,1984,4,1984.2917,347.38,344.75,2,-9.99,0.0,0.34738,1984-04-01,344.48
314,1984,5,1984.375,347.77,344.59,20,0.42,0.18,0.34776999999999997,1984-05-01,344.59083333333336
315,1984,6,1984.4583,347.16,344.73,20,0.31,0.13,0.34716,1984-06-01,344.7175
316,1984,7,1984.5417,345.79,345.02,18,0.33,0.15,0.34579000000000004,1984-07-01,344.8675
317,1984,8,1984.625,343.74,345.12,12,0.45,0.25,0.34374,1984-08-01,344.97333333333336
318,1984,9,1984.7083,341.59,344.76,14,0.72,0.37,0.34158999999999995,1984-09-01,345.0975
319,1984,10,1984.7917,341.86,345.19,12,0.36,0.2,0.34186,1984-10-01,345.2833333333333
320,1984,11,1984.875,343.31,345.41,18,0.41,0.19,0.34331,1984-11-01,345.39000000000004
321,1984,12,1984.9583,345.0,345.88,14,0.53,0.27,0.345,1984-12-01,345.5158333333334
322,1985,1,1985.0417,345.48,345.59,25,0.38,0.14,0.34548,1985-01-01,345.64000000000004
323,1985,2,1985.125,346.41,345.92,15,0.37,0.18,0.34641000000000005,1985-02-01,345.7325
324,1985,3,1985.2083,347.91,346.56,17,0.34,0.16,0.34791000000000005,1985-03-01,345.8591666666667
325,1985,4,1985.2917,348.66,346.08,21,0.61,0.25,0.34866,1985-04-01,346.0158333333333
326,1985,5,1985.375,349.28,346.12,20,0.51,0.22,0.34928,1985-05-01,346.14000000000004
327,1985,6,1985.4583,348.65,346.23,21,0.34,0.14,0.34864999999999996,1985-06-01,346.2583333333334
328,1985,7,1985.5417,346.9,346.08,17,0.36,0.17,0.3469,1985-07-01,346.3516666666667
329,1985,8,1985.625,345.26,346.57,16,0.57,0.27,0.34526,1985-08-01,346.46
330,1985,9,1985.7083,343.47,346.59,24,0.57,0.22,0.34347000000000005,1985-09-01,346.5491666666667
331,1985,10,1985.7917,343.35,346.6,20,0.29,0.13,0.34335000000000004,1985-10-01,346.57750000000004
332,1985,11,1985.875,344.73,346.82,21,0.4,0.17,0.34473000000000004,1985-11-01,346.6775
333,1985,12,1985.9583,346.12,347.04,26,0.62,0.23,0.34612,1985-12-01,346.7808333333333
334,1986,1,1986.0417,346.78,346.82,25,0.31,0.12,0.34678,1986-01-01,346.89166666666665
335,1986,2,1986.125,347.48,346.98,25,0.45,0.17,0.34748,1986-02-01,347.00416666666666
336,1986,3,1986.2083,348.25,346.93,16,0.7,0.34,0.34825,1986-03-01,347.08
337,1986,4,1986.2917,349.86,347.29,19,0.38,0.17,0.34986,1986-04-01,347.2475
338,1986,5,1986.375,350.52,347.42,18,0.31,0.14,0.35052,1986-05-01,347.37000000000006
339,1986,6,1986.4583,349.98,347.61,17,0.25,0.11,0.34998,1986-06-01,347.4941666666667
340,1986,7,1986.5417,348.25,347.43,20,0.47,0.2,0.34825,1986-07-01,347.6075
341,1986,8,1986.625,346.17,347.51,18,0.48,0.21,0.34617000000000003,1986-08-01,347.77
342,1986,9,1986.7083,345.48,348.61,17,0.63,0.29,0.34548,1986-09-01,347.89000000000004
343,1986,10,1986.7917,344.82,348.04,25,0.32,0.12,0.34482,1986-10-01,348.02
344,1986,11,1986.875,346.22,348.28,21,0.3,0.13,0.34622,1986-11-01,348.1483333333333
345,1986,12,1986.9583,347.48,348.36,24,0.35,0.14,0.34748,1986-12-01,348.28416666666664
346,1987,1,1987.0417,348.73,348.66,25,0.46,0.17,0.34873000000000004,1987-01-01,348.4175
347,1987,2,1987.125,348.92,348.24,25,0.58,0.22,0.34892,1987-02-01,348.5808333333334
348,1987,3,1987.2083,349.81,348.39,21,0.35,0.15,0.34981,1987-03-01,348.75
349,1987,4,1987.2917,351.4,348.84,26,0.68,0.25,0.3514,1987-04-01,348.84833333333336
350,1987,5,1987.375,352.15,349.09,28,0.37,0.13,0.35214999999999996,1987-05-01,349.00666666666666
351,1987,6,1987.4583,351.58,349.29,22,0.21,0.09,0.35158,1987-06-01,349.16166666666663
352,1987,7,1987.5417,350.21,349.51,17,0.73,0.34,0.35020999999999997,1987-07-01,349.31166666666667
353,1987,8,1987.625,348.2,349.65,15,0.85,0.42,0.3482,1987-08-01,349.46
354,1987,9,1987.7083,346.66,349.85,23,0.61,0.24,0.34666,1987-09-01,349.6916666666666
355,1987,10,1987.7917,346.72,349.96,22,0.41,0.17,0.34672000000000003,1987-10-01,349.9158333333333
356,1987,11,1987.875,348.08,350.15,23,0.33,0.13,0.34808,1987-11-01,350.105
357,1987,12,1987.9583,349.28,350.14,27,0.2,0.08,0.34928,1987-12-01,350.28833333333336
358,1988,1,1988.0417,350.51,350.49,24,0.21,0.08,0.35051,1988-01-01,350.48
359,1988,2,1988.125,351.7,350.99,23,0.57,0.23,0.3517,1988-02-01,350.6958333333334
360,1988,3,1988.2083,352.5,350.99,25,0.78,0.3,0.3525,1988-03-01,350.8866666666667
361,1988,4,1988.2917,353.67,351.03,27,0.48,0.18,0.35367000000000004,1988-04-01,351.07916666666665
362,1988,5,1988.375,354.35,351.22,28,0.37,0.13,0.35435,1988-05-01,351.3
363,1988,6,1988.4583,353.88,351.55,26,0.3,0.11,0.35388,1988-06-01,351.49500000000006
364,1988,7,1988.5417,352.8,352.16,27,0.49,0.18,0.3528,1988-07-01,351.69
365,1988,8,1988.625,350.49,352.01,26,0.62,0.23,0.35049,1988-08-01,351.90333333333336
366,1988,9,1988.7083,348.97,352.18,26,0.47,0.18,0.34897,1988-09-01,352.04749999999996
367,1988,10,1988.7917,349.37,352.62,26,0.31,0.12,0.34937,1988-10-01,352.1791666666666
368,1988,11,1988.875,350.42,352.53,25,0.2,0.08,0.35042,1988-11-01,352.34999999999997
369,1988,12,1988.9583,351.62,352.52,28,0.36,0.13,0.35162,1988-12-01,352.48333333333335
370,1989,1,1989.0417,353.07,352.99,28,0.45,0.16,0.35307,1989-01-01,352.6133333333333
371,1989,2,1989.125,353.43,352.69,25,0.38,0.15,0.35343,1989-02-01,352.71750000000003
372,1989,3,1989.2083,354.08,352.6,29,0.53,0.19,0.35408,1989-03-01,352.83
373,1989,4,1989.2917,355.72,353.07,28,0.47,0.17,0.35572000000000004,1989-04-01,352.92333333333335
374,1989,5,1989.375,355.95,352.78,27,0.49,0.18,0.35595,1989-05-01,353.00333333333333
375,1989,6,1989.4583,355.44,353.06,26,0.42,0.16,0.35544,1989-06-01,353.0975
376,1989,7,1989.5417,354.05,353.38,26,0.41,0.15,0.35405000000000003,1989-07-01,353.205
377,1989,8,1989.625,351.84,353.43,25,0.48,0.18,0.35184,1989-08-01,353.2708333333333
378,1989,9,1989.7083,350.09,353.37,24,0.69,0.27,0.35008999999999996,1989-09-01,353.41
379,1989,10,1989.7917,350.33,353.57,25,0.34,0.13,0.35033,1989-10-01,353.5491666666667
380,1989,11,1989.875,351.55,353.68,27,0.36,0.13,0.35155000000000003,1989-11-01,353.6041666666667
381,1989,12,1989.9583,352.91,353.84,27,0.48,0.18,0.35291,1989-12-01,353.72333333333336
382,1990,1,1990.0417,353.86,353.78,25,0.34,0.13,0.35386,1990-01-01,353.8025
383,1990,2,1990.125,355.1,354.37,28,0.66,0.24,0.3551,1990-02-01,353.8725
384,1990,3,1990.2083,355.75,354.27,27,0.57,0.21,0.35575,1990-03-01,353.97416666666663
385,1990,4,1990.2917,356.38,353.76,28,0.55,0.2,0.35638,1990-04-01,354.08166666666665
386,1990,5,1990.375,357.38,354.23,28,0.3,0.11,0.35738,1990-05-01,354.195
387,1990,6,1990.4583,356.39,354.02,29,0.4,0.14,0.35639,1990-06-01,354.32750000000004
388,1990,7,1990.5417,354.89,354.24,30,0.89,0.31,0.35489,1990-07-01,354.45250000000004
389,1990,8,1990.625,353.06,354.68,22,0.62,0.25,0.35306,1990-08-01,354.5416666666667
390,1990,9,1990.7083,351.38,354.69,27,0.72,0.26,0.35137999999999997,1990-09-01,354.60166666666663
391,1990,10,1990.7917,351.69,354.94,28,0.3,0.11,0.35169,1990-10-01,354.73333333333335
392,1990,11,1990.875,353.14,355.18,24,0.2,0.08,0.35314,1990-11-01,354.93250000000006
393,1990,12,1990.9583,354.41,355.26,28,0.51,0.19,0.35441,1990-12-01,355.08666666666664
394,1991,1,1991.0417,354.93,354.9,28,0.51,0.18,0.35493,1991-01-01,355.24
395,1991,2,1991.125,355.82,355.11,26,0.54,0.2,0.35581999999999997,1991-02-01,355.3575
396,1991,3,1991.2083,357.33,355.79,30,0.73,0.25,0.35733,1991-03-01,355.43333333333334
397,1991,4,1991.2917,358.77,356.13,30,0.66,0.23,0.35877,1991-04-01,355.5133333333333
398,1991,5,1991.375,359.23,356.1,29,0.52,0.19,0.35923,1991-05-01,355.57500000000005
399,1991,6,1991.4583,358.23,355.88,29,0.3,0.11,0.35823,1991-06-01,355.6375
400,1991,7,1991.5417,356.3,355.69,24,0.46,0.18,0.3563,1991-07-01,355.70416666666665
401,1991,8,1991.625,353.97,355.59,23,0.39,0.15,0.35397,1991-08-01,355.8216666666667
402,1991,9,1991.7083,352.34,355.66,27,0.37,0.14,0.35234,1991-09-01,355.9375
403,1991,10,1991.7917,352.43,355.69,27,0.25,0.09,0.35243,1991-10-01,355.99083333333334
404,1991,11,1991.875,353.89,355.87,28,0.25,0.09,0.35389,1991-11-01,356.02833333333336
405,1991,12,1991.9583,355.21,356.02,30,0.34,0.12,0.35520999999999997,1991-12-01,356.0683333333333
406,1992,1,1992.0417,356.34,356.29,31,0.6,0.21,0.35634,1992-01-01,356.1691666666666
407,1992,2,1992.125,357.21,356.47,27,0.56,0.21,0.35720999999999997,1992-02-01,356.24
408,1992,3,1992.2083,357.97,356.38,24,0.72,0.28,0.35797,1992-03-01,356.325
409,1992,4,1992.2917,359.22,356.51,27,0.53,0.2,0.35922000000000004,1992-04-01,356.3808333333333
410,1992,5,1992.375,359.71,356.52,26,0.74,0.28,0.35971,1992-05-01,356.46250000000003
411,1992,6,1992.4583,359.44,357.07,30,0.49,0.17,0.35944,1992-06-01,356.50666666666666
412,1992,7,1992.5417,357.15,356.58,25,0.63,0.24,0.35714999999999997,1992-07-01,356.54583333333335
413,1992,8,1992.625,354.99,356.67,24,0.62,0.24,0.35499,1992-08-01,356.6091666666667
414,1992,9,1992.7083,353.01,356.36,25,0.98,0.38,0.35301,1992-09-01,356.6266666666667
415,1992,10,1992.7917,353.41,356.72,29,0.56,0.2,0.35341,1992-10-01,356.67833333333334
416,1992,11,1992.875,354.42,356.48,29,0.34,0.12,0.35442,1992-11-01,356.69249999999994
417,1992,12,1992.9583,355.68,356.5,31,0.32,0.11,0.35568,1992-12-01,356.7416666666666
418,1993,1,1993.0417,357.1,357.06,28,0.58,0.21,0.35710000000000003,1993-01-01,356.75833333333327
419,1993,2,1993.125,357.42,356.54,28,0.49,0.18,0.35742,1993-02-01,356.78333333333336
420,1993,3,1993.2083,358.59,356.88,30,0.72,0.25,0.35858999999999996,1993-03-01,356.8475
421,1993,4,1993.2917,359.39,356.71,25,0.53,0.2,0.35939,1993-04-01,356.94166666666666
422,1993,5,1993.375,360.3,357.14,30,0.45,0.16,0.3603,1993-05-01,357.01
423,1993,6,1993.4583,359.64,357.24,28,0.35,0.13,0.35963999999999996,1993-06-01,357.10249999999996
424,1993,7,1993.5417,357.45,356.87,25,0.78,0.3,0.35745,1993-07-01,357.215
425,1993,8,1993.625,355.76,357.44,27,0.62,0.23,0.35575999999999997,1993-08-01,357.32
426,1993,9,1993.7083,354.14,357.51,23,0.73,0.29,0.35414,1993-09-01,357.455
427,1993,10,1993.7917,354.23,357.61,28,0.29,0.11,0.35423000000000004,1993-10-01,357.58166666666665
428,1993,11,1993.875,355.53,357.65,29,0.26,0.09,0.35552999999999996,1993-11-01,357.74583333333334
429,1993,12,1993.9583,357.03,357.92,29,0.28,0.1,0.35702999999999996,1993-12-01,357.8691666666666
430,1994,1,1994.0417,358.36,358.25,27,0.33,0.12,0.35836,1994-01-01,357.97749999999996
431,1994,2,1994.125,359.04,358.21,25,0.5,0.19,0.35904,1994-02-01,358.14916666666664
432,1994,3,1994.2083,360.11,358.41,29,0.82,0.29,0.36011000000000004,1994-03-01,358.3016666666667
433,1994,4,1994.2917,361.36,358.59,28,0.5,0.18,0.36136,1994-04-01,358.445
434,1994,5,1994.375,361.78,358.59,30,0.45,0.16,0.36178,1994-05-01,358.60999999999996
435,1994,6,1994.4583,360.94,358.57,27,0.3,0.11,0.36094,1994-06-01,358.7866666666667
436,1994,7,1994.5417,359.51,358.91,31,0.41,0.14,0.35951,1994-07-01,358.9591666666667
437,1994,8,1994.625,357.59,359.29,24,0.43,0.17,0.35758999999999996,1994-08-01,359.09916666666663
438,1994,9,1994.7083,355.86,359.31,24,0.58,0.23,0.35586,1994-09-01,359.2625
439,1994,10,1994.7917,356.21,359.63,28,0.28,0.1,0.35620999999999997,1994-10-01,359.4183333333333
440,1994,11,1994.875,357.65,359.8,28,0.51,0.18,0.35764999999999997,1994-11-01,359.5916666666667
441,1994,12,1994.9583,359.1,359.96,28,0.46,0.17,0.35910000000000003,1994-12-01,359.7625
442,1995,1,1995.0417,360.04,359.91,30,0.47,0.16,0.36004,1995-01-01,359.96166666666664
443,1995,2,1995.125,361.0,360.18,28,0.52,0.19,0.361,1995-02-01,360.15083333333337
444,1995,3,1995.2083,361.98,360.37,29,0.78,0.28,0.36198,1995-03-01,360.29583333333335
445,1995,4,1995.2917,363.44,360.76,29,0.65,0.23,0.36344,1995-04-01,360.50083333333333
446,1995,5,1995.375,363.83,360.73,29,0.66,0.24,0.36383,1995-05-01,360.66166666666663
447,1995,6,1995.4583,363.33,360.98,27,0.37,0.14,0.36333,1995-06-01,360.825
448,1995,7,1995.5417,361.78,361.1,28,0.36,0.13,0.36178,1995-07-01,360.9683333333333
449,1995,8,1995.625,359.33,360.93,24,0.7,0.28,0.35933,1995-08-01,361.1483333333333
450,1995,9,1995.7083,358.32,361.7,24,0.68,0.26,0.35831999999999997,1995-09-01,361.34499999999997
451,1995,10,1995.7917,358.14,361.52,29,0.26,0.09,0.35814,1995-10-01,361.53666666666663
452,1995,11,1995.875,359.61,361.75,26,0.24,0.09,0.35961000000000004,1995-11-01,361.6408333333334
453,1995,12,1995.9583,360.82,361.67,30,0.36,0.12,0.36082,1995-12-01,361.75916666666666
454,1996,1,1996.0417,362.2,361.98,29,0.38,0.13,0.36219999999999997,1996-01-01,361.90333333333336
455,1996,2,1996.125,363.36,362.47,28,0.55,0.2,0.36336,1996-02-01,362.0625
456,1996,3,1996.2083,364.28,362.64,28,0.67,0.24,0.36428,1996-03-01,362.2475
457,1996,4,1996.2917,364.69,361.99,29,0.59,0.21,0.36469,1996-04-01,362.3616666666667
458,1996,5,1996.375,365.25,362.23,30,0.57,0.2,0.36525,1996-05-01,362.49333333333334
459,1996,6,1996.4583,365.06,362.82,30,0.38,0.13,0.36506,1996-06-01,362.6125
460,1996,7,1996.5417,363.69,362.98,31,0.32,0.11,0.36369,1996-07-01,362.74333333333334
461,1996,8,1996.625,361.55,363.13,27,0.49,0.18,0.36155000000000004,1996-08-01,362.83
462,1996,9,1996.7083,359.69,363.14,25,0.75,0.29,0.35969,1996-09-01,362.9008333333333
463,1996,10,1996.7917,359.72,363.12,29,0.32,0.11,0.35972000000000004,1996-10-01,362.9316666666667
464,1996,11,1996.875,361.04,363.18,29,0.29,0.1,0.36104,1996-11-01,363.0816666666667
465,1996,12,1996.9583,362.39,363.23,29,0.36,0.13,0.36239,1996-12-01,363.2083333333333
466,1997,1,1997.0417,363.24,363.03,31,0.4,0.14,0.36324,1997-01-01,363.26416666666665
467,1997,2,1997.125,364.21,363.4,28,0.62,0.22,0.36421,1997-02-01,363.3283333333334
468,1997,3,1997.2083,364.65,363.02,31,0.4,0.14,0.36465,1997-03-01,363.39916666666664
469,1997,4,1997.2917,366.49,363.82,21,0.46,0.19,0.36649,1997-04-01,363.46166666666664
470,1997,5,1997.375,366.77,363.87,29,0.53,0.19,0.36677,1997-05-01,363.56583333333333
471,1997,6,1997.4583,365.73,363.56,27,0.23,0.09,0.36573,1997-06-01,363.7
472,1997,7,1997.5417,364.46,363.74,24,0.47,0.18,0.36446,1997-07-01,363.8766666666666
473,1997,8,1997.625,362.4,363.98,25,0.57,0.22,0.3624,1997-08-01,364.05583333333334
474,1997,9,1997.7083,360.44,363.83,26,0.63,0.24,0.36044,1997-09-01,364.2133333333333
475,1997,10,1997.7917,360.97,364.28,27,0.32,0.12,0.36097,1997-10-01,364.4391666666666
476,1997,11,1997.875,362.65,364.71,30,0.31,0.11,0.36265,1997-11-01,364.6308333333333
477,1997,12,1997.9583,364.51,365.28,30,0.41,0.14,0.36451,1997-12-01,364.8633333333333
478,1998,1,1998.0417,365.39,365.19,30,0.43,0.15,0.36539,1998-01-01,365.1466666666667
479,1998,2,1998.125,366.1,365.29,28,0.62,0.23,0.36610000000000004,1998-02-01,365.44
480,1998,3,1998.2083,367.36,365.73,31,0.82,0.28,0.36736,1998-03-01,365.7483333333333
481,1998,4,1998.2917,368.79,366.17,29,0.63,0.22,0.36879,1998-04-01,366.05833333333334
482,1998,5,1998.375,369.56,366.68,30,0.77,0.27,0.36956,1998-05-01,366.35583333333335
483,1998,6,1998.4583,369.13,366.95,28,0.24,0.09,0.36913,1998-06-01,366.6075
484,1998,7,1998.5417,367.98,367.29,23,0.65,0.26,0.36798000000000003,1998-07-01,366.84
485,1998,8,1998.625,366.1,367.69,30,0.3,0.1,0.36610000000000004,1998-08-01,367.08666666666664
486,1998,9,1998.7083,364.16,367.51,28,0.4,0.14,0.36416000000000004,1998-09-01,367.3516666666667
487,1998,10,1998.7917,364.54,367.82,30,0.26,0.09,0.36454000000000003,1998-10-01,367.55833333333334
488,1998,11,1998.875,365.67,367.7,23,0.25,0.1,0.36567,1998-11-01,367.75499999999994
489,1998,12,1998.9583,367.3,368.05,26,0.36,0.14,0.3673,1998-12-01,367.885
490,1999,1,1999.0417,368.35,368.13,27,0.47,0.17,0.36835,1999-01-01,367.99583333333334
491,1999,2,1999.125,369.28,368.46,21,0.47,0.2,0.36928,1999-02-01,368.13166666666666
492,1999,3,1999.2083,369.84,368.24,25,0.81,0.31,0.36984,1999-03-01,368.21166666666664
493,1999,4,1999.2917,371.15,368.62,29,0.67,0.24,0.37115,1999-04-01,368.2775
494,1999,5,1999.375,371.12,368.31,26,0.59,0.22,0.37112,1999-05-01,368.3591666666667
495,1999,6,1999.4583,370.46,368.29,26,0.44,0.16,0.37045999999999996,1999-06-01,368.46000000000004
496,1999,7,1999.5417,369.61,368.93,27,0.63,0.23,0.36961,1999-07-01,368.53999999999996
497,1999,8,1999.625,367.06,368.63,25,0.38,0.14,0.36706,1999-08-01,368.63166666666666
498,1999,9,1999.7083,364.95,368.28,28,0.74,0.27,0.36495,1999-09-01,368.66749999999996
499,1999,10,1999.7917,365.52,368.8,31,0.28,0.1,0.36551999999999996,1999-10-01,368.74333333333334
500,1999,11,1999.875,366.88,368.86,28,0.25,0.09,0.36688,1999-11-01,368.8125
501,1999,12,1999.9583,368.26,368.93,26,0.29,0.11,0.36826,1999-12-01,368.865
502,2000,1,2000.0417,369.45,369.24,26,0.48,0.18,0.36945,2000-01-01,368.9825
503,2000,2,2000.125,369.71,368.99,19,0.48,0.21,0.36971,2000-02-01,369.01666666666665
504,2000,3,2000.2083,370.75,369.24,30,0.47,0.16,0.37075,2000-03-01,369.1175
505,2000,4,2000.2917,371.98,369.44,27,0.58,0.21,0.37198000000000003,2000-04-01,369.3008333333333
506,2000,5,2000.375,371.75,368.87,28,0.53,0.19,0.37175,2000-05-01,369.4391666666667
507,2000,6,2000.4583,371.87,369.66,28,0.24,0.09,0.37187,2000-06-01,369.57666666666665
508,2000,7,2000.5417,370.02,369.36,25,0.31,0.12,0.37001999999999996,2000-07-01,369.7075
509,2000,8,2000.625,368.27,369.87,27,0.42,0.15,0.36827,2000-08-01,369.81666666666666
510,2000,9,2000.7083,367.15,370.46,25,0.36,0.14,0.36715,2000-09-01,369.9816666666666
511,2000,10,2000.7917,367.18,370.42,30,0.27,0.09,0.36718,2000-10-01,370.1383333333333
512,2000,11,2000.875,368.53,370.48,25,0.3,0.12,0.36852999999999997,2000-11-01,370.26916666666665
513,2000,12,2000.9583,369.83,370.46,30,0.38,0.13,0.36983,2000-12-01,370.4591666666667
514,2001,1,2001.0417,370.76,370.6,30,0.56,0.2,0.37076,2001-01-01,370.58666666666664
515,2001,2,2001.125,371.69,370.95,26,0.61,0.23,0.37169,2001-02-01,370.72499999999997
516,2001,3,2001.2083,372.63,371.06,26,0.46,0.17,0.37263,2001-03-01,370.85083333333336
517,2001,4,2001.2917,373.55,370.99,29,0.56,0.2,0.37355,2001-04-01,370.95
518,2001,5,2001.375,374.03,371.11,24,0.41,0.16,0.37403,2001-05-01,371.06916666666666
519,2001,6,2001.4583,373.4,371.18,26,0.37,0.14,0.37339999999999995,2001-06-01,371.18666666666667
520,2001,7,2001.5417,371.68,371.08,25,0.62,0.24,0.37168,2001-07-01,371.31916666666666
521,2001,8,2001.625,369.78,371.39,27,0.6,0.22,0.36978,2001-08-01,371.48083333333335
522,2001,9,2001.7083,368.34,371.61,28,0.49,0.18,0.36834,2001-09-01,371.62083333333334
523,2001,10,2001.7917,368.61,371.85,31,0.33,0.11,0.36861,2001-10-01,371.76
524,2001,11,2001.875,369.94,371.92,24,0.24,0.09,0.36994,2001-11-01,371.8966666666667
525,2001,12,2001.9583,371.42,372.09,29,0.4,0.14,0.37142000000000003,2001-12-01,372.055
526,2002,1,2002.0417,372.7,372.48,28,0.52,0.19,0.3727,2002-01-01,372.24583333333334
527,2002,2,2002.125,373.37,372.49,28,0.66,0.24,0.37337,2002-02-01,372.45250000000004
528,2002,3,2002.2083,374.3,372.61,24,0.62,0.24,0.3743,2002-03-01,372.64000000000004
529,2002,4,2002.2917,375.19,372.54,29,0.55,0.19,0.37519,2002-04-01,372.855
530,2002,5,2002.375,375.93,372.98,29,0.57,0.2,0.37593,2002-05-01,373.0316666666666
531,2002,6,2002.4583,375.69,373.46,28,0.46,0.17,0.37569,2002-06-01,373.2391666666667
532,2002,7,2002.5417,374.16,373.58,25,0.47,0.18,0.37416000000000005,2002-07-01,373.45250000000004
533,2002,8,2002.625,372.03,373.7,28,0.65,0.24,0.37202999999999997,2002-08-01,373.65000000000003
534,2002,9,2002.7083,370.92,374.29,23,0.74,0.3,0.37092,2002-09-01,373.8541666666667
535,2002,10,2002.7917,370.73,374.06,31,0.62,0.21,0.37073,2002-10-01,374.0491666666667
536,2002,11,2002.875,372.43,374.52,29,0.43,0.15,0.37243,2002-11-01,374.27666666666664
537,2002,12,2002.9583,373.98,374.72,31,0.46,0.16,0.37398000000000003,2002-12-01,374.51416666666665
538,2003,1,2003.0417,375.07,374.82,30,0.51,0.18,0.37507,2003-01-01,374.74499999999995
539,2003,2,2003.125,375.82,374.95,27,0.58,0.21,0.37582,2003-02-01,374.97166666666664
540,2003,3,2003.2083,376.64,374.99,28,0.63,0.23,0.37664,2003-03-01,375.18333333333334
541,2003,4,2003.2917,377.92,375.24,27,0.37,0.14,0.37792000000000003,2003-04-01,375.385
542,2003,5,2003.375,378.78,375.73,30,0.78,0.27,0.37877999999999995,2003-05-01,375.59999999999997
543,2003,6,2003.4583,378.46,376.22,25,0.39,0.15,0.37845999999999996,2003-06-01,375.8008333333333
544,2003,7,2003.5417,376.88,376.37,29,0.7,0.25,0.37688,2003-07-01,375.9833333333333
545,2003,8,2003.625,374.57,376.27,23,0.57,0.23,0.37457,2003-08-01,376.1583333333333
546,2003,9,2003.7083,373.34,376.65,25,0.37,0.14,0.37333999999999995,2003-09-01,376.3441666666667
547,2003,10,2003.7917,373.31,376.65,30,0.33,0.12,0.37331,2003-10-01,376.54583333333335
548,2003,11,2003.875,374.84,376.99,26,0.45,0.17,0.37483999999999995,2003-11-01,376.76416666666665
549,2003,12,2003.9583,376.17,376.93,27,0.4,0.15,0.37617,2003-12-01,376.93250000000006
550,2004,1,2004.0417,377.17,376.96,30,0.45,0.16,0.37717,2004-01-01,377.05
551,2004,2,2004.125,378.05,377.19,29,0.74,0.26,0.37805,2004-02-01,377.1141666666667
552,2004,3,2004.2083,379.06,377.4,27,0.84,0.31,0.37906,2004-03-01,377.2475
553,2004,4,2004.2917,380.54,377.8,26,0.52,0.19,0.38054000000000004,2004-04-01,377.33833333333337
554,2004,5,2004.375,380.8,377.66,28,0.61,0.22,0.3808,2004-05-01,377.4483333333333
555,2004,6,2004.4583,379.87,377.57,21,0.47,0.19,0.37987,2004-06-01,377.57250000000005
556,2004,7,2004.5417,377.65,377.12,25,0.5,0.19,0.37765,2004-07-01,377.6983333333333
557,2004,8,2004.625,376.17,377.9,16,0.45,0.21,0.37617,2004-08-01,377.82
558,2004,9,2004.7083,374.43,377.8,15,0.56,0.28,0.37443,2004-09-01,377.97499999999997
559,2004,10,2004.7917,374.63,377.99,29,0.19,0.07,0.37463,2004-10-01,378.1325
560,2004,11,2004.875,376.33,378.49,29,0.62,0.22,0.37633,2004-11-01,378.2941666666666
561,2004,12,2004.9583,377.68,378.48,30,0.29,0.1,0.37768,2004-12-01,378.4475
562,2005,1,2005.0417,378.63,378.37,31,0.32,0.11,0.37863,2005-01-01,378.6583333333333
563,2005,2,2005.125,379.91,379.1,24,0.6,0.24,0.37991,2005-02-01,378.9316666666667
564,2005,3,2005.2083,380.95,379.45,26,1.16,0.44,0.38095,2005-03-01,379.16166666666663
565,2005,4,2005.2917,382.48,379.84,26,0.53,0.2,0.38248000000000004,2005-04-01,379.3666666666666
566,2005,5,2005.375,382.64,379.49,31,0.61,0.21,0.38264,2005-05-01,379.5799999999999
567,2005,6,2005.4583,382.4,380.07,28,0.21,0.08,0.38239999999999996,2005-06-01,379.76416666666665
568,2005,7,2005.5417,380.93,380.38,29,0.38,0.13,0.38093,2005-07-01,379.98333333333335
569,2005,8,2005.625,378.93,380.61,26,0.53,0.2,0.37893,2005-08-01,380.2291666666667
570,2005,9,2005.7083,376.89,380.2,27,0.51,0.19,0.37689,2005-09-01,380.4366666666667
571,2005,10,2005.7917,377.19,380.5,14,0.15,0.08,0.37719,2005-10-01,380.5958333333333
572,2005,11,2005.875,378.54,380.69,23,0.45,0.18,0.37854000000000004,2005-11-01,380.7891666666667
573,2005,12,2005.9583,380.31,381.09,26,0.39,0.15,0.38031,2005-12-01,381.0041666666666
574,2006,1,2006.0417,381.58,381.33,24,0.31,0.12,0.38158,2006-01-01,381.1575
575,2006,2,2006.125,382.4,381.58,25,0.51,0.2,0.38239999999999996,2006-02-01,381.3008333333333
576,2006,3,2006.2083,382.86,381.32,29,0.55,0.2,0.38286000000000003,2006-03-01,381.44000000000005
577,2006,4,2006.2917,384.8,382.11,25,0.49,0.19,0.38480000000000003,2006-04-01,381.6191666666667
578,2006,5,2006.375,385.22,382.06,24,0.45,0.17,0.38522,2006-05-01,381.79749999999996
579,2006,6,2006.4583,384.24,381.93,28,0.43,0.16,0.38424,2006-06-01,381.94833333333327
580,2006,7,2006.5417,382.65,382.1,24,0.32,0.12,0.38265,2006-07-01,382.09083333333336
581,2006,8,2006.625,380.6,382.27,27,0.47,0.17,0.38060000000000005,2006-08-01,382.21750000000003
582,2006,9,2006.7083,379.04,382.35,25,0.42,0.16,0.37904000000000004,2006-09-01,382.36083333333335
583,2006,10,2006.7917,379.33,382.66,23,0.4,0.16,0.37933,2006-10-01,382.5233333333333
584,2006,11,2006.875,380.35,382.52,29,0.39,0.14,0.38035,2006-11-01,382.68416666666667
585,2006,12,2006.9583,382.02,382.84,27,0.38,0.14,0.38201999999999997,2006-12-01,382.8141666666666
586,2007,1,2007.0417,383.1,382.88,24,0.76,0.3,0.3831,2007-01-01,382.9883333333333
587,2007,2,2007.125,384.12,383.22,21,0.81,0.34,0.38412,2007-02-01,383.1616666666667
588,2007,3,2007.2083,384.81,383.17,27,0.63,0.23,0.38481,2007-03-01,383.29833333333335
589,2007,4,2007.2917,386.73,383.95,25,0.76,0.29,0.38673,2007-04-01,383.4783333333333
590,2007,5,2007.375,386.78,383.56,29,0.64,0.23,0.38677999999999996,2007-05-01,383.6483333333333
591,2007,6,2007.4583,386.33,384.06,26,0.42,0.16,0.38633,2007-06-01,383.8441666666667
592,2007,7,2007.5417,384.73,384.25,27,0.44,0.16,0.38473,2007-07-01,384.02500000000003
593,2007,8,2007.625,382.24,383.95,22,0.64,0.26,0.38224,2007-08-01,384.2483333333333
594,2007,9,2007.7083,381.2,384.56,21,0.45,0.19,0.3812,2007-09-01,384.41
595,2007,10,2007.7917,381.37,384.72,29,0.19,0.07,0.38137,2007-10-01,384.5325
596,2007,11,2007.875,382.7,384.9,30,0.31,0.11,0.3827,2007-11-01,384.5825
597,2007,12,2007.9583,384.19,385.07,22,0.34,0.14,0.38419,2007-12-01,384.74916666666667
598,2008,1,2008.0417,385.78,385.54,31,0.56,0.19,0.38577999999999996,2008-01-01,384.8875
599,2008,2,2008.125,386.06,385.2,26,0.58,0.22,0.38606,2008-02-01,385.0441666666666
600,2008,3,2008.2083,386.28,384.72,30,0.6,0.21,0.38627999999999996,2008-03-01,385.2175
601,2008,4,2008.2917,387.33,384.71,22,1.19,0.49,0.38733,2008-04-01,385.40166666666664
602,2008,5,2008.375,388.78,385.69,25,0.57,0.22,0.38877999999999996,2008-05-01,385.55583333333334
603,2008,6,2008.4583,387.99,385.68,23,0.49,0.2,0.38799,2008-06-01,385.6983333333333
604,2008,7,2008.5417,386.61,386.05,10,0.96,0.58,0.38661,2008-07-01,385.83166666666665
605,2008,8,2008.625,384.32,385.98,25,0.66,0.25,0.38432,2008-08-01,385.9475
606,2008,9,2008.7083,383.41,386.69,27,0.34,0.12,0.38341000000000003,2008-09-01,386.0841666666666
607,2008,10,2008.7917,383.22,386.5,23,0.27,0.11,0.38322,2008-10-01,386.3141666666667
608,2008,11,2008.875,384.41,386.59,28,0.29,0.11,0.38441000000000003,2008-11-01,386.51666666666665
609,2008,12,2008.9583,385.79,386.64,29,0.27,0.1,0.38579,2008-12-01,386.64833333333337
610,2009,1,2009.0417,387.17,386.86,30,0.38,0.13,0.38717,2009-01-01,386.7908333333334
611,2009,2,2009.125,387.7,386.81,26,0.49,0.18,0.3877,2009-02-01,386.9266666666667
612,2009,3,2009.2083,389.04,387.54,28,0.68,0.25,0.38904,2009-03-01,387.09083333333336
613,2009,4,2009.2917,389.76,387.15,29,0.85,0.3,0.38976,2009-04-01,387.2191666666667
614,2009,5,2009.375,390.36,387.24,30,0.51,0.18,0.39036000000000004,2009-05-01,387.33750000000003
615,2009,6,2009.4583,389.7,387.46,29,0.6,0.21,0.3897,2009-06-01,387.4891666666667
616,2009,7,2009.5417,388.24,387.77,22,0.31,0.13,0.38824000000000003,2009-07-01,387.6425
617,2009,8,2009.625,386.29,387.99,28,0.62,0.22,0.38629,2009-08-01,387.7875000000001
618,2009,9,2009.7083,384.95,388.22,28,0.56,0.2,0.38495,2009-09-01,388.0133333333334
619,2009,10,2009.7917,384.64,387.88,30,0.31,0.11,0.38464,2009-10-01,388.20750000000004
620,2009,11,2009.875,386.23,388.36,30,0.29,0.1,0.38623,2009-11-01,388.45000000000005
621,2009,12,2009.9583,387.63,388.43,20,0.47,0.2,0.38763,2009-12-01,388.6875
622,2010,1,2010.0417,388.91,388.62,30,0.92,0.32,0.38891000000000003,2010-01-01,388.91083333333336
623,2010,2,2010.125,390.41,389.47,20,1.31,0.56,0.39041000000000003,2010-02-01,389.0916666666667
624,2010,3,2010.2083,391.37,389.85,25,1.05,0.4,0.39137,2010-03-01,389.2791666666667
625,2010,4,2010.2917,392.67,390.12,26,0.65,0.24,0.39267,2010-04-01,389.45250000000004
626,2010,5,2010.375,393.21,390.09,29,0.65,0.23,0.39321,2010-05-01,389.685
627,2010,6,2010.4583,392.38,390.1,28,0.42,0.15,0.39238,2010-06-01,389.90500000000003
628,2010,7,2010.5417,390.41,389.93,29,0.47,0.17,0.39041000000000003,2010-07-01,390.1016666666667
629,2010,8,2010.625,388.54,390.21,26,0.41,0.16,0.38854,2010-08-01,390.31749999999994
630,2010,9,2010.7083,387.03,390.32,29,0.55,0.19,0.38703,2010-09-01,390.45416666666665
631,2010,10,2010.7917,387.43,390.72,31,0.27,0.09,0.38743,2010-10-01,390.5733333333333
632,2010,11,2010.875,388.87,390.99,29,0.42,0.15,0.38887,2010-11-01,390.6375
633,2010,12,2010.9583,389.99,390.8,29,0.47,0.17,0.38999,2010-12-01,390.73749999999995
634,2011,1,2011.0417,391.5,391.19,29,0.88,0.31,0.3915,2011-01-01,390.86833333333334
635,2011,2,2011.125,392.05,391.12,28,0.47,0.17,0.39205,2011-02-01,391.0608333333333
636,2011,3,2011.2083,392.8,391.27,29,0.97,0.35,0.39280000000000004,2011-03-01,391.21
637,2011,4,2011.2917,393.44,390.83,28,0.73,0.26,0.39344,2011-04-01,391.39750000000004
638,2011,5,2011.375,394.41,391.24,29,0.93,0.33,0.39441000000000004,2011-05-01,391.5441666666666
639,2011,6,2011.4583,393.95,391.64,28,0.45,0.16,0.39394999999999997,2011-06-01,391.67833333333334
640,2011,7,2011.5417,392.72,392.24,26,0.71,0.26,0.39272,2011-07-01,391.85083333333336
641,2011,8,2011.625,390.33,392.04,27,0.42,0.15,0.39033,2011-08-01,392.0016666666667
642,2011,9,2011.7083,389.28,392.6,26,0.31,0.12,0.38927999999999996,2011-09-01,392.1675
643,2011,10,2011.7917,389.19,392.53,30,0.17,0.06,0.38919,2011-10-01,392.31666666666666
644,2011,11,2011.875,390.48,392.64,28,0.26,0.1,0.39048,2011-11-01,392.56166666666667
645,2011,12,2011.9583,392.06,392.86,26,0.37,0.14,0.39206,2011-12-01,392.7716666666667
646,2012,1,2012.0417,393.31,393.07,30,0.77,0.27,0.39331,2012-01-01,392.93499999999995
647,2012,2,2012.125,394.04,393.2,26,1.19,0.45,0.39404,2012-02-01,393.08833333333337
648,2012,3,2012.2083,394.59,392.99,30,0.63,0.22,0.39459,2012-03-01,393.2766666666667
649,2012,4,2012.2917,396.38,393.65,29,0.59,0.21,0.39638,2012-04-01,393.44666666666666
650,2012,5,2012.375,396.93,393.73,30,0.5,0.17,0.39693,2012-05-01,393.62000000000006
651,2012,6,2012.4583,395.91,393.63,28,0.59,0.21,0.39591000000000004,2012-06-01,393.84666666666664
652,2012,7,2012.5417,394.56,394.12,26,0.3,0.11,0.39456,2012-07-01,394.05583333333334
653,2012,8,2012.625,392.59,394.37,30,0.52,0.18,0.39259,2012-08-01,394.2616666666666
654,2012,9,2012.7083,391.32,394.75,26,0.42,0.16,0.39132,2012-09-01,394.51083333333327
655,2012,10,2012.7917,391.27,394.64,28,0.23,0.08,0.39127,2012-10-01,394.76666666666665
656,2012,11,2012.875,393.2,395.25,29,0.53,0.19,0.3932,2012-11-01,394.955
657,2012,12,2012.9583,394.57,395.27,29,0.44,0.16,0.39457,2012-12-01,395.21250000000003
658,2013,1,2013.0417,395.78,395.62,28,0.6,0.22,0.39577999999999997,2013-01-01,395.45416666666665
659,2013,2,2013.125,397.03,396.23,25,0.57,0.22,0.39703,2013-02-01,395.7
660,2013,3,2013.2083,397.66,396.07,30,0.71,0.25,0.39766,2013-03-01,395.93333333333334
661,2013,4,2013.2917,398.64,395.79,22,0.59,0.24,0.39864,2013-04-01,396.1333333333334
662,2013,5,2013.375,400.02,396.64,28,0.37,0.13,0.40002,2013-05-01,396.35249999999996
663,2013,6,2013.4583,398.81,396.48,26,0.43,0.16,0.39881,2013-06-01,396.53249999999997
664,2013,7,2013.5417,397.51,397.13,21,0.52,0.22,0.39751,2013-07-01,396.7375
665,2013,8,2013.625,395.39,397.27,27,0.45,0.16,0.39538999999999996,2013-08-01,396.9258333333334
666,2013,9,2013.7083,393.72,397.24,26,0.35,0.13,0.39372,2013-09-01,397.02916666666664
667,2013,10,2013.7917,393.9,397.25,28,0.16,0.06,0.3939,2013-10-01,397.21666666666664
668,2013,11,2013.875,395.36,397.35,30,0.6,0.21,0.39536,2013-11-01,397.4558333333334
669,2013,12,2013.9583,397.03,397.78,30,0.48,0.17,0.39703,2013-12-01,397.6175
670,2014,1,2014.0417,398.04,397.74,31,0.49,0.17,0.39804,2014-01-01,397.83583333333337
671,2014,2,2014.125,398.27,397.45,27,0.51,0.19,0.39826999999999996,2014-02-01,397.9825
672,2014,3,2014.2083,399.91,398.37,22,0.84,0.34,0.39991000000000004,2014-03-01,398.13166666666666
673,2014,4,2014.2917,401.51,398.63,26,0.5,0.19,0.40151,2014-04-01,398.28333333333336
674,2014,5,2014.375,401.96,398.56,22,0.51,0.21,0.40196,2014-05-01,398.47166666666664
675,2014,6,2014.4583,401.43,399.1,28,0.36,0.13,0.40143,2014-06-01,398.64166666666665
676,2014,7,2014.5417,399.27,398.85,25,0.55,0.21,0.39926999999999996,2014-07-01,398.8125
677,2014,8,2014.625,397.18,399.07,22,0.28,0.12,0.39718000000000003,2014-08-01,398.9908333333333
678,2014,9,2014.7083,395.54,399.11,21,0.54,0.23,0.39554,2014-09-01,399.18083333333334
679,2014,10,2014.7917,396.16,399.58,24,0.73,0.29,0.39616,2014-10-01,399.3333333333333
680,2014,11,2014.875,397.4,399.49,27,0.37,0.14,0.3974,2014-11-01,399.4866666666667
681,2014,12,2014.9583,399.08,399.81,29,0.6,0.21,0.39908,2014-12-01,399.6691666666666
682,2015,1,2015.0417,400.18,399.92,30,0.55,0.19,0.40018,2015-01-01,399.79749999999996
683,2015,2,2015.125,400.55,399.77,28,0.63,0.23,0.40055,2015-02-01,399.98
684,2015,3,2015.2083,401.74,400.22,24,1.02,0.4,0.40174,2015-03-01,400.1408333333333
685,2015,4,2015.2917,403.35,400.46,26,0.86,0.32,0.40335000000000004,2015-04-01,400.3308333333334
686,2015,5,2015.375,404.15,400.7,30,0.32,0.11,0.40414999999999995,2015-05-01,400.52500000000003
687,2015,6,2015.4583,402.97,400.65,29,0.47,0.17,0.40297000000000005,2015-06-01,400.76416666666665
688,2015,7,2015.5417,401.46,401.11,24,0.57,0.22,0.40146,2015-07-01,401.01250000000005
689,2015,8,2015.625,399.11,401.04,28,0.74,0.27,0.39911,2015-08-01,401.22499999999997
690,2015,9,2015.7083,397.82,401.43,25,0.32,0.12,0.39782,2015-09-01,401.5333333333333
691,2015,10,2015.7917,398.49,401.89,28,0.56,0.2,0.39849,2015-10-01,401.81
692,2015,11,2015.875,400.27,402.24,25,0.58,0.22,0.40026999999999996,2015-11-01,402.1641666666667
693,2015,12,2015.9583,402.06,402.72,30,0.67,0.23,0.40206000000000003,2015-12-01,402.4766666666667
694,2016,1,2016.0417,402.73,402.45,27,0.56,0.21,0.40273000000000003,2016-01-01,402.81166666666667
695,2016,2,2016.125,404.25,403.4,25,1.11,0.43,0.40425,2016-02-01,403.0725
696,2016,3,2016.2083,405.06,403.54,28,0.81,0.29,0.40506,2016-03-01,403.35083333333336
697,2016,4,2016.2917,407.6,404.77,23,1.04,0.41,0.4076,2016-04-01,403.635
698,2016,5,2016.375,407.9,404.41,29,0.5,0.18,0.4079,2016-05-01,403.91
699,2016,6,2016.4583,406.99,404.59,26,0.6,0.23,0.40699,2016-06-01,404.19750000000005
700,2016,7,2016.5417,404.59,404.24,28,0.88,0.32,0.40458999999999995,2016-07-01,404.41249999999997
701,2016,8,2016.625,402.45,404.41,24,0.6,0.23,0.40245,2016-08-01,404.7150000000001
702,2016,9,2016.7083,401.23,404.85,25,0.44,0.17,0.40123000000000003,2016-09-01,404.9158333333334
703,2016,10,2016.7917,401.79,405.23,29,0.3,0.11,0.40179000000000004,2016-10-01,405.1225
704,2016,11,2016.875,403.72,405.74,27,0.72,0.26,0.40372,2016-11-01,405.2575
705,2016,12,2016.9583,404.64,405.33,29,0.44,0.16,0.40464,2016-12-01,405.42333333333335
706,2017,1,2017.0417,406.36,406.04,27,0.68,0.25,0.40636,2017-01-01,405.5975
707,2017,2,2017.125,406.66,405.8,26,0.71,0.27,0.40666,2017-02-01,405.8258333333333
708,2017,3,2017.2083,407.54,406.05,24,1.03,0.4,0.40754,2017-03-01,406.06500000000005
709,2017,4,2017.2917,409.22,406.37,26,0.86,0.32,0.40922000000000003,2017-04-01,406.26
710,2017,5,2017.375,409.89,406.37,27,0.57,0.21,0.40989,2017-05-01,406.4291666666666
711,2017,6,2017.4583,409.08,406.68,26,0.54,0.2,0.40908,2017-06-01,406.56166666666667
712,2017,7,2017.5417,407.33,407.01,28,0.61,0.22,0.40732999999999997,2017-07-01,406.7583333333334
713,2017,8,2017.625,405.32,407.31,29,0.32,0.12,0.40532,2017-08-01,406.90749999999997
714,2017,9,2017.7083,403.57,407.17,26,0.37,0.14,0.40357,2017-09-01,407.0625
715,2017,10,2017.7917,403.82,407.23,27,0.3,0.11,0.40382,2017-10-01,407.2333333333333
716,2017,11,2017.875,405.31,407.36,26,0.41,0.15,0.40531,2017-11-01,407.3358333333333
717,2017,12,2017.9583,407.0,407.71,31,0.57,0.2,0.407,2017-12-01,407.465
718,2018,1,2018.0417,408.15,407.83,29,0.55,0.19,0.40814999999999996,2018-01-01,407.62416666666667
719,2018,2,2018.125,408.52,407.61,28,0.52,0.19,0.40852,2018-02-01,407.75500000000005
720,2018,3,2018.2083,409.59,408.06,29,0.65,0.23,0.40958999999999995,2018-03-01,407.9083333333333
721,2018,4,2018.2917,410.45,407.65,21,0.9,0.38,0.41045,2018-04-01,408.08666666666664
722,2018,5,2018.375,411.44,407.98,24,0.86,0.33,0.41144,2018-05-01,408.28416666666664
723,2018,6,2018.4583,410.99,408.6,29,0.61,0.22,0.41099,2018-06-01,408.5258333333333
724,2018,7,2018.5417,408.9,408.6,27,0.46,0.17,0.4089,2018-07-01,408.715
725,2018,8,2018.625,407.16,409.17,31,0.28,0.1,0.40716,2018-08-01,408.955
726,2018,9,2018.7083,405.71,409.3,29,0.45,0.16,0.40570999999999996,2018-09-01,409.2416666666666
727,2018,10,2018.7917,406.19,409.56,30,0.32,0.11,0.40619,2018-10-01,409.4575
728,2018,11,2018.875,408.21,410.24,24,0.56,0.22,0.40820999999999996,2018-11-01,409.715
729,2018,12,2018.9583,409.27,409.99,30,0.5,0.17,0.40926999999999997,2018-12-01,410.0
730,2019,1,2019.0417,411.03,410.69,26,1.26,0.47,0.41102999999999995,2019-01-01,410.2633333333333
731,2019,2,2019.125,411.96,410.97,27,1.14,0.42,0.41196,2019-02-01,410.51833333333326
732,2019,3,2019.2083,412.18,410.71,28,1.12,0.4,0.41218,2019-03-01,410.76916666666665
733,2019,4,2019.2917,413.54,410.92,27,0.6,0.22,0.41354,2019-04-01,411.0233333333333
734,2019,5,2019.375,414.86,411.47,28,0.5,0.18,0.41486,2019-05-01,411.23583333333335
735,2019,6,2019.4583,414.15,411.74,27,0.36,0.13,0.41414999999999996,2019-06-01,411.4241666666667
736,2019,7,2019.5417,411.96,411.64,25,0.81,0.31,0.41196,2019-07-01,411.64916666666664
737,2019,8,2019.625,410.17,412.1,29,0.32,0.11,0.41017000000000003,2019-08-01,411.8625
738,2019,9,2019.7083,408.76,412.26,29,0.35,0.13,0.40876,2019-09-01,412.05916666666667
739,2019,10,2019.7917,408.74,412.09,29,0.31,0.11,0.40874,2019-10-01,412.2708333333333
740,2019,11,2019.875,410.47,412.5,26,0.4,0.15,0.41047,2019-11-01,412.5108333333333
741,2019,12,2019.9583,411.97,412.71,31,0.4,0.14,0.41197,2019-12-01,412.71250000000003
742,2020,1,2020.0417,413.59,413.22,29,0.73,0.26,0.41358999999999996,2020-01-01,412.915
743,2020,2,2020.125,414.32,413.4,28,0.69,0.25,0.41431999999999997,2020-02-01,413.1333333333334
744,2020,3,2020.2083,414.72,413.35,26,0.32,0.12,0.41472000000000003,2020-03-01,413.34833333333336
745,2020,4,2020.2917,416.42,413.92,28,0.65,0.24,0.41642,2020-04-01,413.57666666666665
746,2020,5,2020.375,417.28,413.98,27,0.61,0.23,0.41728,2020-05-01,413.80583333333334
747,2020,6,2020.4583,416.58,414.15,27,0.44,0.16,0.41658,2020-06-01,414.02500000000003
748,2020,7,2020.5417,414.58,414.19,30,0.57,0.2,0.41458,2020-07-01,414.2133333333333
749,2020,8,2020.625,412.75,414.6,25,0.25,0.1,0.41275,2020-08-01,414.37166666666667
750,2020,9,2020.7083,411.5,414.9,29,0.31,0.11,0.4115,2020-09-01,414.57166666666666
751,2020,10,2020.7917,411.49,414.79,30,0.22,0.08,0.41149,2020-10-01,414.8125
752,2020,11,2020.875,413.1,415.11,27,0.81,0.3,0.4131,2020-11-01,415.02833333333336
753,2020,12,2020.9583,414.23,414.91,30,0.48,0.17,0.41423000000000004,2020-12-01,415.1791666666666
754,2021,1,2021.0417,415.49,415.23,29,0.44,0.16,0.41549,2021-01-01,415.375
755,2021,2,2021.125,416.72,415.8,28,1.02,0.37,0.41672000000000003,2021-02-01,415.5683333333333
756,2021,3,2021.2083,417.61,416.17,28,0.86,0.31,0.41761000000000004,2021-03-01,415.7075
757,2021,4,2021.2917,419.01,416.59,24,1.12,0.44,0.41901,2021-04-01,415.8541666666667
758,2021,5,2021.375,419.09,415.88,28,0.9,0.32,0.41908999999999996,2021-05-01,416.055
759,2021,6,2021.4583,418.93,416.48,29,0.65,0.23,0.41893,2021-06-01,416.2108333333333
760,2021,7,2021.5417,416.9,416.48,31,0.71,0.24,0.4169,2021-07-01,416.4141666666667
761,2021,8,2021.625,414.42,416.27,25,0.74,0.28,0.41442,2021-08-01,416.63416666666666
762,2021,9,2021.7083,413.26,416.63,27,0.29,0.11,0.41326,2021-09-01,416.8441666666667
763,2021,10,2021.7917,413.9,417.14,29,0.35,0.12,0.4139,2021-10-01,416.94
764,2021,11,2021.875,414.97,416.92,30,0.36,0.13,0.41497,2021-11-01,417.03833333333336
765,2021,12,2021.9583,416.67,417.37,28,0.48,0.17,0.41667000000000004,2021-12-01,417.195
766,2022,1,2022.0417,418.13,417.82,30,0.72,0.25,0.41813,2022-01-01,417.3625
767,2022,2,2022.125,419.24,418.3,27,0.92,0.34,0.41924,2022-02-01,417.52500000000003
768,2022,3,2022.2083,418.76,417.3,30,0.78,0.27,0.41875999999999997,2022-03-01,417.75250000000005
769,2022,4,2022.2917,420.19,417.68,28,0.86,0.31,0.42019,2022-04-01,417.97333333333336
770,2022,5,2022.375,420.97,417.72,31,0.75,0.26,0.42097,2022-05-01,418.1266666666667
771,2022,6,2022.4583,420.94,418.49,28,0.3,0.11,0.42094,2022-06-01,418.33500000000004
772,2022,7,2022.5417,418.85,418.43,27,0.57,0.21,0.41885,2022-07-01,418.52833333333336
773,2022,8,2022.625,417.15,419.03,27,0.37,0.13,0.41714999999999997,2022-08-01,418.64000000000004
774,2022,9,2022.7083,415.91,419.32,28,0.41,0.15,0.41591,2022-09-01,418.7291666666667
775,2022,10,2022.7917,415.74,419.03,30,0.27,0.1,0.41574,2022-10-01,418.915
776,2022,11,2022.875,417.47,419.49,25,0.52,0.2,0.41747,2022-11-01,419.175
777,2022,12,2022.9583,418.99,419.71,24,0.57,0.22,0.41899000000000003,2022-12-01,419.4275
778,2023,1,2023.0417,419.47,419.16,31,0.4,0.14,0.41947,2023-01-01,419.6558333333333
779,2023,2,2023.125,420.31,419.37,23,0.7,0.28,0.42031,2023-02-01,419.9041666666667
780,2023,3,2023.2083,420.99,419.53,30,0.74,0.26,0.42099000000000003,2023-03-01,420.115
781,2023,4,2023.2917,423.31,420.8,27,0.56,0.21,0.42331,2023-04-01,420.33166666666665
782,2023,5,2023.375,424.0,420.76,31,0.7,0.24,0.424,2023-05-01,420.58833333333337
783,2023,6,2023.4583,423.68,421.23,29,0.57,0.2,0.42368,2023-06-01,420.83750000000003
784,2023,7,2023.5417,421.83,421.41,21,0.48,0.2,0.42183,2023-07-01,421.07666666666665
785,2023,8,2023.625,419.68,421.56,21,0.45,0.19,0.41968,2023-08-01,421.3541666666667
786,2023,9,2023.7083,418.51,421.92,18,0.3,0.14,0.41851,2023-09-01,421.70750000000004
787,2023,10,2023.7917,418.82,422.11,27,0.47,0.17,0.41881999999999997,2023-10-01,422.07333333333327
788,2023,11,2023.875,420.46,422.48,21,0.91,0.38,0.42046,2023-11-01,422.34
789,2023,12,2023.9583,421.86,422.57,20,0.69,0.29,0.42186,2023-12-01,422.5816666666667
790,2024,1,2024.0417,422.8,422.5,27,0.7,0.26,0.4228,2024-01-01,422.85083333333336
791,2024,2,2024.125,424.55,423.62,22,1.24,0.51,0.42455000000000004,2024-02-01,423.16083333333336
792,2024,3,2024.2083,425.38,423.92,22,0.99,0.4,0.42538,2024-03-01,423.43666666666667
793,2024,4,2024.2917,426.51,424.01,22,0.99,0.4,0.42651,2024-04-01,423.73
794,2024,5,2024.375,426.9,423.65,29,0.76,0.27,0.4269,2024-05-01,424.02666666666664
795,2024,6,2024.4583,426.91,424.46,20,0.65,0.28,0.42691,2024-06-01,424.30916666666667
796,2024,7,2024.5417,425.55,425.13,24,0.69,0.27,0.42555,2024-07-01,424.6041666666667
797,2024,8,2024.625,422.99,424.87,22,1.08,0.44,0.42299000000000003,2024-08-01,424.92499999999995
798,2024,9,2024.7083,422.03,425.45,18,0.41,0.18,0.42202999999999996,2024-09-01,425.1366666666666
799,2024,10,2024.7917,422.38,425.68,22,0.35,0.14,0.42238,2024-10-01,425.36750000000006
800,2024,11,2024.875,423.85,425.87,24,0.33,0.13,0.42385,2024-11-01,425.62833333333333
801,2024,12,2024.9583,425.4,426.12,28,0.7,0.25,0.4254,2024-12-01,425.9291666666666
802,2025,1,2025.0417,426.65,426.35,29,0.62,0.22,0.42665,2025-01-01,426.15416666666664
803,2025,2,2025.125,427.09,426.15,24,0.64,0.25,0.42708999999999997,2025-02-01,426.3474999999999
804,2025,3,2025.2083,428.15,426.68,27,1.13,0.41,0.42815,2025-03-01,426.555
805,2025,4,2025.2917,429.64,427.13,23,0.73,0.29,0.42963999999999997,2025-04-01,
806,2025,5,2025.375,430.51,427.26,23,0.39,0.16,0.43051,2025-05-01,
807,2025,6,2025.4583,429.61,427.16,26,0.71,0.27,0.42961,2025-06-01,
808,2025,7,2025.5417,427.87,427.45,24,0.31,0.12,0.42787000000000003,2025-07-01,
809,2025,8,2025.625,425.48,427.36,24,0.36,0.14,0.42548,2025-08-01,
